Feature,Separation AUC,Phishing-associated direction
URLSimilarityIndex,0.9963983365513144,Lower values
LineOfCode,0.9910506018351382,Lower values
NoOfExternalRef,0.9877645659664372,Lower values
NoOfImage,0.9857959185509527,Lower values
NoOfJS,0.9770996748287749,Lower values
NoOfSelfRef,0.9734778605623574,Lower values
NoOfCSS,0.9619519820535569,Lower values
HasSocialNet,0.8945401032186385,Lower values
HasCopyrightInfo,0.8756692487172111,Lower values
HasDescription,0.8441202202758417,Lower values
NoOfOtherSpecialCharsInURL,0.8387961375600084,Higher values
SpacialCharRatioInURL,0.8169981650478336,Higher values
LargestLineLength,0.8070752806659643,Lower values
DomainTitleMatchScore,0.7999359025527077,Lower values
HasSubmitButton,0.7883625981101223,Lower values
URLTitleMatchScore,0.7790393839131344,Lower values
URLCharProb,0.7762054008201034,Lower values
IsResponsive,0.7655018966190074,Lower values
CharContinuationRate,0.7601549298433473,Lower values
HasHiddenFields,0.7569206400200993,Lower values
NoOfLettersInURL,0.7560000704795282,Higher values
NoOfiFrame,0.7559726952172212,Lower values
HasFavicon,0.7478482425739414,Lower values
URLLength,0.7476659415144156,Higher values
NoOfEmptyRef,0.7449362582733003,Lower values
NoOfDegitsInURL,0.7400480735706385,Higher values
DegitRatioInURL,0.7379014838377522,Higher values
LetterRatioInURL,0.7321174933647476,Higher values
IsHTTPS,0.7309371751076785,Lower values
Robots,0.6773490130034674,Lower values
Pay,0.6635173567070369,Lower values
HasTitle,0.6557355014693406,Lower values
DomainLength,0.6314338806630031,Higher values
TLDLegitimateProb,0.6278717677528765,Lower values
Bank,0.5713689993286887,Lower values
NoOfPopup,0.546096449879558,Lower values
HasPasswordField,0.5447415643436964,Lower values
HasExternalFormSubmit,0.5353967438212631,Lower values
NoOfQMarkInURL,0.5290806475568097,Higher values
NoOfEqualsInURL,0.5254641318877172,Higher values
TLDLength,0.5231575879903982,Higher values
NoOfURLRedirect,0.5162147660327465,Higher values
Crypto,0.5156154228336232,Lower values
NoOfSubDomain,0.515144566637582,Lower values
NoOfSelfRedirect,0.5129019499206152,Higher values
NoOfAmpersandInURL,0.5043294222486262,Higher values
IsDomainIP,0.5029258874201693,Higher values
HasObfuscation,0.5022501113916531,Higher values
NoOfObfuscatedChar,0.5022501113916531,Higher values
ObfuscationRatio,0.5022501113916531,Higher values
